Metric,Value
MAE,0.766290556911357
MSE,0.87269974966111
